{
  "project_info": {
    "project_number": "509139671387",
    "project_id": "lawinzo-app-6db87",
    "storage_bucket": "lawinzo-app-6db87.appspot.com"
  },
  "client": [
    {
      "client_info": {
        "mobilesdk_app_id": "1:509139671387:android:341d7887743f9fce8aa27e",
        "android_client_info": {
          "package_name": "com.example.lawinzo_app"
        }
      },
      "oauth_client": [
        {
          "client_id": "509139671387-h50ncqt5q7i9pksi8m0vf91n7936tm6u.apps.googleusercontent.com",
          "client_type": 3
        }
      ],
      "api_key": [
        {
          "current_key": "AIzaSyBi0giKav3BtDRex4uQ0qSVLPTkHJPqb7g"
        }
      ],
      "services": {
        "appinvite_service": {
          "other_platform_oauth_client": [
            {
              "client_id": "509139671387-h50ncqt5q7i9pksi8m0vf91n7936tm6u.apps.googleusercontent.com",
              "client_type": 3
            }
          ]
        }
      }
    }
  ],
  "configuration_version": "1"
}